Location,Year,Series,Series Code,Permits
Alabama,1980,Total Units,1,15998
Alabama,1981,Total Units,1,9885
Alabama,1982,Total Units,1,8732
Alabama,1983,Total Units,1,17389
Alabama,1984,Total Units,1,15297
Alabama,1985,Total Units,1,17218
Alabama,1986,Total Units,1,19174
Alabama,1987,Total Units,1,14510
Alabama,1988,Total Units,1,12772
Alabama,1989,Total Units,1,12045
Alabama,1990,Total Units,1,12559
Alabama,1991,Total Units,1,12825
Alabama,1992,Total Units,1,15925
Alabama,1993,Total Units,1,18723
Alabama,1994,Total Units,1,19152
Alabama,1995,Total Units,1,20130
Alabama,1996,Total Units,1,19874
Alabama,1997,Total Units,1,17744
Alabama,1998,Total Units,1,20541
Alabama,1999,Total Units,1,19037
Alabama,2000,Total Units,1,17426
Alabama,2001,Total Units,1,17706
Alabama,2002,Total Units,1,18871
Alabama,2003,Total Units,1,24543
Alabama,2004,Total Units,1,27412
Alabama,2005,Total Units,1,30636
Alabama,2006,Total Units,1,32034
Alabama,2007,Total Units,1,25868
Alabama,2008,Total Units,1,17485
Alabama,2009,Total Units,1,13279
Alabama,2010,Total Units,1,11274
Alabama,2011,Total Units,1,11690
Alabama,2012,Total Units,1,13533
Alabama,2013,Total Units,1,11802
Alabama,2014,Total Units,1,13515
Alabama,2015,Total Units,1,14050
Alabama,2016,Total Units,1,14981
Alaska,1980,Total Units,1,2101
Alaska,1981,Total Units,1,4284
Alaska,1982,Total Units,1,7990
Alaska,1983,Total Units,1,11273
Alaska,1984,Total Units,1,6753
Alaska,1985,Total Units,1,4223
Alaska,1986,Total Units,1,1420
Alaska,1987,Total Units,1,765
Alaska,1988,Total Units,1,826
Alaska,1989,Total Units,1,630
Alaska,1990,Total Units,1,832
Alaska,1991,Total Units,1,1069
Alaska,1992,Total Units,1,1222
Alaska,1993,Total Units,1,1774
Alaska,1994,Total Units,1,1991
Alaska,1995,Total Units,1,2101
Alaska,1996,Total Units,1,2592
Alaska,1997,Total Units,1,2497
Alaska,1998,Total Units,1,2815
Alaska,1999,Total Units,1,2184
Alaska,2000,Total Units,1,2105
Alaska,2001,Total Units,1,2902
Alaska,2002,Total Units,1,2976
Alaska,2003,Total Units,1,3497
Alaska,2004,Total Units,1,3104
Alaska,2005,Total Units,1,2852
Alaska,2006,Total Units,1,2705
Alaska,2007,Total Units,1,1677
Alaska,2008,Total Units,1,882
Alaska,2009,Total Units,1,899
Alaska,2010,Total Units,1,891
Alaska,2011,Total Units,1,853
Alaska,2012,Total Units,1,968
Alaska,2013,Total Units,1,1089
Alaska,2014,Total Units,1,1512
Alaska,2015,Total Units,1,1303
Alaska,2016,Total Units,1,1513
Arizona,1980,Total Units,1,36889
Arizona,1981,Total Units,1,33814
Arizona,1982,Total Units,1,36991
Arizona,1983,Total Units,1,64496
Arizona,1984,Total Units,1,79239
Arizona,1985,Total Units,1,71820
Arizona,1986,Total Units,1,61614
Arizona,1987,Total Units,1,40181
Arizona,1988,Total Units,1,32878
Arizona,1989,Total Units,1,23820
Arizona,1990,Total Units,1,23031
Arizona,1991,Total Units,1,23531
Arizona,1992,Total Units,1,31810
Arizona,1993,Total Units,1,38676
Arizona,1994,Total Units,1,51832
Arizona,1995,Total Units,1,52714
Arizona,1996,Total Units,1,53715
Arizona,1997,Total Units,1,57762
Arizona,1998,Total Units,1,63930
Arizona,1999,Total Units,1,65109
Arizona,2000,Total Units,1,61485
Arizona,2001,Total Units,1,62496
Arizona,2002,Total Units,1,66031
Arizona,2003,Total Units,1,74996
Arizona,2004,Total Units,1,90644
Arizona,2005,Total Units,1,97504
Arizona,2006,Total Units,1,67881
Arizona,2007,Total Units,1,52205
Arizona,2008,Total Units,1,26082
Arizona,2009,Total Units,1,14474
Arizona,2010,Total Units,1,12370
Arizona,2011,Total Units,1,13007
Arizona,2012,Total Units,1,21726
Arizona,2013,Total Units,1,25209
Arizona,2014,Total Units,1,26997
Arizona,2015,Total Units,1,28910
Arizona,2016,Total Units,1,35578
Arkansas,1980,Total Units,1,8480
Arkansas,1981,Total Units,1,4774
Arkansas,1982,Total Units,1,6598
Arkansas,1983,Total Units,1,10408
Arkansas,1984,Total Units,1,9730
Arkansas,1985,Total Units,1,9937
Arkansas,1986,Total Units,1,8856
Arkansas,1987,Total Units,1,6619
Arkansas,1988,Total Units,1,6378
Arkansas,1989,Total Units,1,6433
Arkansas,1990,Total Units,1,6000
Arkansas,1991,Total Units,1,7011
Arkansas,1992,Total Units,1,8094
Arkansas,1993,Total Units,1,10169
Arkansas,1994,Total Units,1,12413
Arkansas,1995,Total Units,1,11747
Arkansas,1996,Total Units,1,11190
Arkansas,1997,Total Units,1,11026
Arkansas,1998,Total Units,1,10021
Arkansas,1999,Total Units,1,11502
Arkansas,2000,Total Units,1,9208
Arkansas,2001,Total Units,1,10407
Arkansas,2002,Total Units,1,12547
Arkansas,2003,Total Units,1,14966
Arkansas,2004,Total Units,1,15855
Arkansas,2005,Total Units,1,17933
Arkansas,2006,Total Units,1,13888
Arkansas,2007,Total Units,1,11034
Arkansas,2008,Total Units,1,8814
Arkansas,2009,Total Units,1,7057
Arkansas,2010,Total Units,1,7177
Arkansas,2011,Total Units,1,6952
Arkansas,2012,Total Units,1,8384
Arkansas,2013,Total Units,1,7627
Arkansas,2014,Total Units,1,7951
Arkansas,2015,Total Units,1,8497
Arkansas,2016,Total Units,1,9432
California,1980,Total Units,1,144391
California,1981,Total Units,1,104215
California,1982,Total Units,1,85123
California,1983,Total Units,1,172436
California,1984,Total Units,1,224598
California,1985,Total Units,1,271344
California,1986,Total Units,1,314623
California,1987,Total Units,1,251776
California,1988,Total Units,1,253312
California,1989,Total Units,1,237688
California,1990,Total Units,1,163175
California,1991,Total Units,1,105956
California,1992,Total Units,1,97781
California,1993,Total Units,1,84341
California,1994,Total Units,1,96982
California,1995,Total Units,1,83864
California,1996,Total Units,1,92060
California,1997,Total Units,1,109589
California,1998,Total Units,1,124035
California,1999,Total Units,1,138039
California,2000,Total Units,1,145575
California,2001,Total Units,1,146739
California,2002,Total Units,1,159573
California,2003,Total Units,1,191948
California,2004,Total Units,1,207390
California,2005,Total Units,1,205020
California,2006,Total Units,1,160502
California,2007,Total Units,1,110073
California,2008,Total Units,1,62681
California,2009,Total Units,1,35069
California,2010,Total Units,1,43716
California,2011,Total Units,1,45471
California,2012,Total Units,1,58549
California,2013,Total Units,1,80742
California,2014,Total Units,1,83645
California,2015,Total Units,1,98188
California,2016,Total Units,1,102350
Colorado,1980,Total Units,1,30288
Colorado,1981,Total Units,1,29414
Colorado,1982,Total Units,1,32095
Colorado,1983,Total Units,1,51495
Colorado,1984,Total Units,1,44208
Colorado,1985,Total Units,1,32823
Colorado,1986,Total Units,1,30982
Colorado,1987,Total Units,1,17961
Colorado,1988,Total Units,1,12887
Colorado,1989,Total Units,1,11158
Colorado,1990,Total Units,1,12012
Colorado,1991,Total Units,1,14243
Colorado,1992,Total Units,1,23638
Colorado,1993,Total Units,1,30134
Colorado,1994,Total Units,1,37229
Colorado,1995,Total Units,1,38622
Colorado,1996,Total Units,1,41135
Colorado,1997,Total Units,1,43053
Colorado,1998,Total Units,1,51156
Colorado,1999,Total Units,1,49313
Colorado,2000,Total Units,1,54596
Colorado,2001,Total Units,1,55007
Colorado,2002,Total Units,1,47920
Colorado,2003,Total Units,1,39626
Colorado,2004,Total Units,1,46499
Colorado,2005,Total Units,1,45906
Colorado,2006,Total Units,1,38343
Colorado,2007,Total Units,1,29454
Colorado,2008,Total Units,1,18998
Colorado,2009,Total Units,1,9355
Colorado,2010,Total Units,1,11591
Colorado,2011,Total Units,1,13508
Colorado,2012,Total Units,1,23302
Colorado,2013,Total Units,1,27518
Colorado,2014,Total Units,1,28691
Colorado,2015,Total Units,1,31871
Colorado,2016,Total Units,1,38971
Connecticut,1980,Total Units,1,10088
Connecticut,1981,Total Units,1,9344
Connecticut,1982,Total Units,1,10311
Connecticut,1983,Total Units,1,15719
Connecticut,1984,Total Units,1,17778
Connecticut,1985,Total Units,1,24545
Connecticut,1986,Total Units,1,27730
Connecticut,1987,Total Units,1,26750
Connecticut,1988,Total Units,1,18865
Connecticut,1989,Total Units,1,11969
Connecticut,1990,Total Units,1,7566
Connecticut,1991,Total Units,1,7477
Connecticut,1992,Total Units,1,8011
Connecticut,1993,Total Units,1,9247
Connecticut,1994,Total Units,1,9460
Connecticut,1995,Total Units,1,8550
Connecticut,1996,Total Units,1,8537
Connecticut,1997,Total Units,1,9311
Connecticut,1998,Total Units,1,11863
Connecticut,1999,Total Units,1,10637
Connecticut,2000,Total Units,1,9376
Connecticut,2001,Total Units,1,9290
Connecticut,2002,Total Units,1,9731
Connecticut,2003,Total Units,1,10435
Connecticut,2004,Total Units,1,11837
Connecticut,2005,Total Units,1,11885
Connecticut,2006,Total Units,1,9236
Connecticut,2007,Total Units,1,7746
Connecticut,2008,Total Units,1,5220
Connecticut,2009,Total Units,1,3786
Connecticut,2010,Total Units,1,3932
Connecticut,2011,Total Units,1,3173
Connecticut,2012,Total Units,1,4669
Connecticut,2013,Total Units,1,5424
Connecticut,2014,Total Units,1,5329
Connecticut,2015,Total Units,1,6077
Connecticut,2016,Total Units,1,5504
Delaware,1980,Total Units,1,2895
Delaware,1981,Total Units,1,2302
Delaware,1982,Total Units,1,2968
Delaware,1983,Total Units,1,3627
Delaware,1984,Total Units,1,4364
Delaware,1985,Total Units,1,4636
Delaware,1986,Total Units,1,5527
Delaware,1987,Total Units,1,7058
Delaware,1988,Total Units,1,7423
Delaware,1989,Total Units,1,5763
Delaware,1990,Total Units,1,5142
Delaware,1991,Total Units,1,4316
Delaware,1992,Total Units,1,4666
Delaware,1993,Total Units,1,4893
Delaware,1994,Total Units,1,4966
Delaware,1995,Total Units,1,4608
Delaware,1996,Total Units,1,4370
Delaware,1997,Total Units,1,4732
Delaware,1998,Total Units,1,5287
Delaware,1999,Total Units,1,5285
Delaware,2000,Total Units,1,4611
Delaware,2001,Total Units,1,4814
Delaware,2002,Total Units,1,6331
Delaware,2003,Total Units,1,7760
Delaware,2004,Total Units,1,7858
Delaware,2005,Total Units,1,8195
Delaware,2006,Total Units,1,6504
Delaware,2007,Total Units,1,5291
Delaware,2008,Total Units,1,3346
Delaware,2009,Total Units,1,3156
Delaware,2010,Total Units,1,3072
Delaware,2011,Total Units,1,2954
Delaware,2012,Total Units,1,4091
Delaware,2013,Total Units,1,4827
Delaware,2014,Total Units,1,5194
Delaware,2015,Total Units,1,5221
Delaware,2016,Total Units,1,5804
District of Columbia,1980,Total Units,1,2661
District of Columbia,1981,Total Units,1,981
District of Columbia,1982,Total Units,1,432
District of Columbia,1983,Total Units,1,164
District of Columbia,1984,Total Units,1,393
District of Columbia,1985,Total Units,1,590
District of Columbia,1986,Total Units,1,640
District of Columbia,1987,Total Units,1,1198
District of Columbia,1988,Total Units,1,852
District of Columbia,1989,Total Units,1,410
District of Columbia,1990,Total Units,1,368
District of Columbia,1991,Total Units,1,333
District of Columbia,1992,Total Units,1,132
District of Columbia,1993,Total Units,1,305
District of Columbia,1994,Total Units,1,210
District of Columbia,1995,Total Units,1,35
District of Columbia,1996,Total Units,1,0
District of Columbia,1997,Total Units,1,15
District of Columbia,1998,Total Units,1,429
District of Columbia,1999,Total Units,1,683
District of Columbia,2000,Total Units,1,806
District of Columbia,2001,Total Units,1,896
District of Columbia,2002,Total Units,1,1591
District of Columbia,2003,Total Units,1,1427
District of Columbia,2004,Total Units,1,1936
District of Columbia,2005,Total Units,1,2860
District of Columbia,2006,Total Units,1,2105
District of Columbia,2007,Total Units,1,1910
District of Columbia,2008,Total Units,1,536
District of Columbia,2009,Total Units,1,1126
District of Columbia,2010,Total Units,1,739
District of Columbia,2011,Total Units,1,4612
District of Columbia,2012,Total Units,1,3823
District of Columbia,2013,Total Units,1,3255
District of Columbia,2014,Total Units,1,4189
District of Columbia,2015,Total Units,1,4956
District of Columbia,2016,Total Units,1,4690
Florida,1980,Total Units,1,174143
Florida,1981,Total Units,1,146210
Florida,1982,Total Units,1,103875
Florida,1983,Total Units,1,188727
Florida,1984,Total Units,1,204231
Florida,1985,Total Units,1,202352
Florida,1986,Total Units,1,195336
Florida,1987,Total Units,1,178653
Florida,1988,Total Units,1,170640
Florida,1989,Total Units,1,165018
Florida,1990,Total Units,1,126384
Florida,1991,Total Units,1,95374
Florida,1992,Total Units,1,102059
Florida,1993,Total Units,1,115133
Florida,1994,Total Units,1,128602
Florida,1995,Total Units,1,122903
Florida,1996,Total Units,1,125020
Florida,1997,Total Units,1,134200
Florida,1998,Total Units,1,148715
Florida,1999,Total Units,1,165018
Florida,2000,Total Units,1,155269
Florida,2001,Total Units,1,167035
Florida,2002,Total Units,1,185431
Florida,2003,Total Units,1,213567
Florida,2004,Total Units,1,255893
Florida,2005,Total Units,1,287250
Florida,2006,Total Units,1,203238
Florida,2007,Total Units,1,102551
Florida,2008,Total Units,1,61042
Florida,2009,Total Units,1,35329
Florida,2010,Total Units,1,38679
Florida,2011,Total Units,1,42360
Florida,2012,Total Units,1,64810
Florida,2013,Total Units,1,86752
Florida,2014,Total Units,1,84073
Florida,2015,Total Units,1,109923
Florida,2016,Total Units,1,116238
Georgia,1980,Total Units,1,35352
Georgia,1981,Total Units,1,30455
Georgia,1982,Total Units,1,39184
Georgia,1983,Total Units,1,67045
Georgia,1984,Total Units,1,70139
Georgia,1985,Total Units,1,72814
Georgia,1986,Total Units,1,76502
Georgia,1987,Total Units,1,64137
Georgia,1988,Total Units,1,62943
Georgia,1989,Total Units,1,50332
Georgia,1990,Total Units,1,43259
Georgia,1991,Total Units,1,40511
Georgia,1992,Total Units,1,47802
Georgia,1993,Total Units,1,57791
Georgia,1994,Total Units,1,64860
Georgia,1995,Total Units,1,72249
Georgia,1996,Total Units,1,74906
Georgia,1997,Total Units,1,75147
Georgia,1998,Total Units,1,85428
Georgia,1999,Total Units,1,89600
Georgia,2000,Total Units,1,91855
Georgia,2001,Total Units,1,93059
Georgia,2002,Total Units,1,97755
Georgia,2003,Total Units,1,97293
Georgia,2004,Total Units,1,108356
Georgia,2005,Total Units,1,109336
Georgia,2006,Total Units,1,104200
Georgia,2007,Total Units,1,73354
Georgia,2008,Total Units,1,35519
Georgia,2009,Total Units,1,18392
Georgia,2010,Total Units,1,17358
Georgia,2011,Total Units,1,18493
Georgia,2012,Total Units,1,24363
Georgia,2013,Total Units,1,36444
Georgia,2014,Total Units,1,39657
Georgia,2015,Total Units,1,45542
Georgia,2016,Total Units,1,51664
Hawaii,1980,Total Units,1,10323
Hawaii,1981,Total Units,1,6262
Hawaii,1982,Total Units,1,5675
Hawaii,1983,Total Units,1,4760
Hawaii,1984,Total Units,1,5401
Hawaii,1985,Total Units,1,7262
Hawaii,1986,Total Units,1,7217
Hawaii,1987,Total Units,1,6909
Hawaii,1988,Total Units,1,8445
Hawaii,1989,Total Units,1,9555
Hawaii,1990,Total Units,1,8718
Hawaii,1991,Total Units,1,9238
Hawaii,1992,Total Units,1,7809
Hawaii,1993,Total Units,1,6624
Hawaii,1994,Total Units,1,7328
Hawaii,1995,Total Units,1,6614
Hawaii,1996,Total Units,1,3927
Hawaii,1997,Total Units,1,3676
Hawaii,1998,Total Units,1,3324
Hawaii,1999,Total Units,1,4211
Hawaii,2000,Total Units,1,4905
Hawaii,2001,Total Units,1,4790
Hawaii,2002,Total Units,1,5902
Hawaii,2003,Total Units,1,7284
Hawaii,2004,Total Units,1,9034
Hawaii,2005,Total Units,1,9828
Hawaii,2006,Total Units,1,7530
Hawaii,2007,Total Units,1,6972
Hawaii,2008,Total Units,1,4115
Hawaii,2009,Total Units,1,2617
Hawaii,2010,Total Units,1,3442
Hawaii,2011,Total Units,1,2743
Hawaii,2012,Total Units,1,2993
Hawaii,2013,Total Units,1,3882
Hawaii,2014,Total Units,1,3066
Hawaii,2015,Total Units,1,5422
Hawaii,2016,Total Units,1,3369
Idaho,1980,Total Units,1,6008
Idaho,1981,Total Units,1,3892
Idaho,1982,Total Units,1,2629
Idaho,1983,Total Units,1,4395
Idaho,1984,Total Units,1,4329
Idaho,1985,Total Units,1,4331
Idaho,1986,Total Units,1,3825
Idaho,1987,Total Units,1,3196
Idaho,1988,Total Units,1,3220
Idaho,1989,Total Units,1,4801
Idaho,1990,Total Units,1,5712
Idaho,1991,Total Units,1,6690
Idaho,1992,Total Units,1,9953
Idaho,1993,Total Units,1,11927
Idaho,1994,Total Units,1,12640
Idaho,1995,Total Units,1,10666
Idaho,1996,Total Units,1,10755
Idaho,1997,Total Units,1,10337
Idaho,1998,Total Units,1,11667
Idaho,1999,Total Units,1,12309
Idaho,2000,Total Units,1,10989
Idaho,2001,Total Units,1,11820
Idaho,2002,Total Units,1,13546
Idaho,2003,Total Units,1,15199
Idaho,2004,Total Units,1,18108
Idaho,2005,Total Units,1,21578
Idaho,2006,Total Units,1,17075
Idaho,2007,Total Units,1,12105
Idaho,2008,Total Units,1,6470
Idaho,2009,Total Units,1,4863
Idaho,2010,Total Units,1,4153
Idaho,2011,Total Units,1,3818
Idaho,2012,Total Units,1,6266
Idaho,2013,Total Units,1,8112
Idaho,2014,Total Units,1,8801
Idaho,2015,Total Units,1,9954
Idaho,2016,Total Units,1,12165
Illinois,1980,Total Units,1,25434
Illinois,1981,Total Units,1,16445
Illinois,1982,Total Units,1,19165
Illinois,1983,Total Units,1,30287
Illinois,1984,Total Units,1,30168
Illinois,1985,Total Units,1,38736
Illinois,1986,Total Units,1,51873
Illinois,1987,Total Units,1,50355
Illinois,1988,Total Units,1,49144
Illinois,1989,Total Units,1,42384
Illinois,1990,Total Units,1,38283
Illinois,1991,Total Units,1,33404
Illinois,1992,Total Units,1,41219
Illinois,1993,Total Units,1,45688
Illinois,1994,Total Units,1,49290
Illinois,1995,Total Units,1,47467
Illinois,1996,Total Units,1,49592
Illinois,1997,Total Units,1,46323
Illinois,1998,Total Units,1,47984
Illinois,1999,Total Units,1,53974
Illinois,2000,Total Units,1,51944
Illinois,2001,Total Units,1,54839
Illinois,2002,Total Units,1,61071
Illinois,2003,Total Units,1,62657
Illinois,2004,Total Units,1,59758
Illinois,2005,Total Units,1,66946
Illinois,2006,Total Units,1,58806
Illinois,2007,Total Units,1,43020
Illinois,2008,Total Units,1,22531
Illinois,2009,Total Units,1,10859
Illinois,2010,Total Units,1,12318
Illinois,2011,Total Units,1,11809
Illinois,2012,Total Units,1,13797
Illinois,2013,Total Units,1,15555
Illinois,2014,Total Units,1,20581
Illinois,2015,Total Units,1,19564
Illinois,2016,Total Units,1,22602
Indiana,1980,Total Units,1,21289
Indiana,1981,Total Units,1,14367
Indiana,1982,Total Units,1,12769
Indiana,1983,Total Units,1,16368
Indiana,1984,Total Units,1,18904
Indiana,1985,Total Units,1,23016
Indiana,1986,Total Units,1,29686
Indiana,1987,Total Units,1,27286
Indiana,1988,Total Units,1,25252
Indiana,1989,Total Units,1,26478
Indiana,1990,Total Units,1,25065
Indiana,1991,Total Units,1,24129
Indiana,1992,Total Units,1,29016
Indiana,1993,Total Units,1,31279
Indiana,1994,Total Units,1,34597
Indiana,1995,Total Units,1,35884
Indiana,1996,Total Units,1,37417
Indiana,1997,Total Units,1,35382
Indiana,1998,Total Units,1,40824
Indiana,1999,Total Units,1,41844
Indiana,2000,Total Units,1,37906
Indiana,2001,Total Units,1,39117
Indiana,2002,Total Units,1,39700
Indiana,2003,Total Units,1,39643
Indiana,2004,Total Units,1,39233
Indiana,2005,Total Units,1,38476
Indiana,2006,Total Units,1,29069
Indiana,2007,Total Units,1,23841
Indiana,2008,Total Units,1,16631
Indiana,2009,Total Units,1,12555
Indiana,2010,Total Units,1,13083
Indiana,2011,Total Units,1,12618
Indiana,2012,Total Units,1,13781
Indiana,2013,Total Units,1,17973
Indiana,2014,Total Units,1,17816
Indiana,2015,Total Units,1,18483
Indiana,2016,Total Units,1,18713
Iowa,1980,Total Units,1,8857
Iowa,1981,Total Units,1,5615
Iowa,1982,Total Units,1,5368
Iowa,1983,Total Units,1,7089
Iowa,1984,Total Units,1,6995
Iowa,1985,Total Units,1,5184
Iowa,1986,Total Units,1,5470
Iowa,1987,Total Units,1,5774
Iowa,1988,Total Units,1,6781
Iowa,1989,Total Units,1,7381
Iowa,1990,Total Units,1,7616
Iowa,1991,Total Units,1,8092
Iowa,1992,Total Units,1,10655
Iowa,1993,Total Units,1,10784
Iowa,1994,Total Units,1,12499
Iowa,1995,Total Units,1,11418
Iowa,1996,Total Units,1,12153
Iowa,1997,Total Units,1,10786
Iowa,1998,Total Units,1,13264
Iowa,1999,Total Units,1,13491
Iowa,2000,Total Units,1,12582
Iowa,2001,Total Units,1,13085
Iowa,2002,Total Units,1,14893
Iowa,2003,Total Units,1,16216
Iowa,2004,Total Units,1,16345
Iowa,2005,Total Units,1,16766
Iowa,2006,Total Units,1,13357
Iowa,2007,Total Units,1,11171
Iowa,2008,Total Units,1,8412
Iowa,2009,Total Units,1,7729
Iowa,2010,Total Units,1,7607
Iowa,2011,Total Units,1,7527
Iowa,2012,Total Units,1,9501
Iowa,2013,Total Units,1,10952
Iowa,2014,Total Units,1,10317
Iowa,2015,Total Units,1,12088
Iowa,2016,Total Units,1,14308
Kansas,1980,Total Units,1,10940
Kansas,1981,Total Units,1,8198
Kansas,1982,Total Units,1,8636
Kansas,1983,Total Units,1,14253
Kansas,1984,Total Units,1,16770
Kansas,1985,Total Units,1,13325
Kansas,1986,Total Units,1,13136
Kansas,1987,Total Units,1,11833
Kansas,1988,Total Units,1,9723
Kansas,1989,Total Units,1,8661
Kansas,1990,Total Units,1,8496
Kansas,1991,Total Units,1,8196
Kansas,1992,Total Units,1,10415
Kansas,1993,Total Units,1,11699
Kansas,1994,Total Units,1,12976
Kansas,1995,Total Units,1,12662
Kansas,1996,Total Units,1,14684
Kansas,1997,Total Units,1,13641
Kansas,1998,Total Units,1,15350
Kansas,1999,Total Units,1,15688
Kansas,2000,Total Units,1,12573
Kansas,2001,Total Units,1,14530
Kansas,2002,Total Units,1,13051
Kansas,2003,Total Units,1,15160
Kansas,2004,Total Units,1,13301
Kansas,2005,Total Units,1,14057
Kansas,2006,Total Units,1,14628
Kansas,2007,Total Units,1,11503
Kansas,2008,Total Units,1,8200
Kansas,2009,Total Units,1,6682
Kansas,2010,Total Units,1,5146
Kansas,2011,Total Units,1,5392
Kansas,2012,Total Units,1,6256
Kansas,2013,Total Units,1,8291
Kansas,2014,Total Units,1,7460
Kansas,2015,Total Units,1,8640
Kansas,2016,Total Units,1,9802
Kentucky,1980,Total Units,1,10171
Kentucky,1981,Total Units,1,7666
Kentucky,1982,Total Units,1,7648
Kentucky,1983,Total Units,1,11777
Kentucky,1984,Total Units,1,13039
Kentucky,1985,Total Units,1,13896
Kentucky,1986,Total Units,1,13610
Kentucky,1987,Total Units,1,13337
Kentucky,1988,Total Units,1,13458
Kentucky,1989,Total Units,1,12846
Kentucky,1990,Total Units,1,11938
Kentucky,1991,Total Units,1,12432
Kentucky,1992,Total Units,1,15653
Kentucky,1993,Total Units,1,17422
Kentucky,1994,Total Units,1,18578
Kentucky,1995,Total Units,1,17625
Kentucky,1996,Total Units,1,18778
Kentucky,1997,Total Units,1,18114
Kentucky,1998,Total Units,1,20640
Kentucky,1999,Total Units,1,21581
Kentucky,2000,Total Units,1,18460
Kentucky,2001,Total Units,1,17685
Kentucky,2002,Total Units,1,19495
Kentucky,2003,Total Units,1,20573
Kentucky,2004,Total Units,1,22646
Kentucky,2005,Total Units,1,21168
Kentucky,2006,Total Units,1,16628
Kentucky,2007,Total Units,1,14941
Kentucky,2008,Total Units,1,10504
Kentucky,2009,Total Units,1,7398
Kentucky,2010,Total Units,1,7994
Kentucky,2011,Total Units,1,7802
Kentucky,2012,Total Units,1,9738
Kentucky,2013,Total Units,1,8963
Kentucky,2014,Total Units,1,9561
Kentucky,2015,Total Units,1,10562
Kentucky,2016,Total Units,1,12710
Louisiana,1980,Total Units,1,21512
Louisiana,1981,Total Units,1,20403
Louisiana,1982,Total Units,1,21060
Louisiana,1983,Total Units,1,34493
Louisiana,1984,Total Units,1,28073
Louisiana,1985,Total Units,1,18766
Louisiana,1986,Total Units,1,10501
Louisiana,1987,Total Units,1,8520
Louisiana,1988,Total Units,1,7270
Louisiana,1989,Total Units,1,6116
Louisiana,1990,Total Units,1,6451
Louisiana,1991,Total Units,1,7683
Louisiana,1992,Total Units,1,10657
Louisiana,1993,Total Units,1,12821
Louisiana,1994,Total Units,1,14782
Louisiana,1995,Total Units,1,14723
Louisiana,1996,Total Units,1,17998
Louisiana,1997,Total Units,1,15144
Louisiana,1998,Total Units,1,16483
Louisiana,1999,Total Units,1,17836
Louisiana,2000,Total Units,1,14720
Louisiana,2001,Total Units,1,15653
Louisiana,2002,Total Units,1,18606
Louisiana,2003,Total Units,1,22520
Louisiana,2004,Total Units,1,22989
Louisiana,2005,Total Units,1,22811
Louisiana,2006,Total Units,1,28671
Louisiana,2007,Total Units,1,23379
Louisiana,2008,Total Units,1,16338
Louisiana,2009,Total Units,1,12531
Louisiana,2010,Total Units,1,11365
Louisiana,2011,Total Units,1,12262
Louisiana,2012,Total Units,1,13077
Louisiana,2013,Total Units,1,14092
Louisiana,2014,Total Units,1,15321
Louisiana,2015,Total Units,1,13829
Louisiana,2016,Total Units,1,14503
Maine,1980,Total Units,1,3582
Maine,1981,Total Units,1,2727
Maine,1982,Total Units,1,3384
Maine,1983,Total Units,1,4556
Maine,1984,Total Units,1,6570
Maine,1985,Total Units,1,8113
Maine,1986,Total Units,1,9554
Maine,1987,Total Units,1,10031
Maine,1988,Total Units,1,8973
Maine,1989,Total Units,1,6466
Maine,1990,Total Units,1,4816
Maine,1991,Total Units,1,4102
Maine,1992,Total Units,1,4879
Maine,1993,Total Units,1,4343
Maine,1994,Total Units,1,4580
Maine,1995,Total Units,1,4419
Maine,1996,Total Units,1,4687
Maine,1997,Total Units,1,4706
Maine,1998,Total Units,1,6280
Maine,1999,Total Units,1,5695
Maine,2000,Total Units,1,6179
Maine,2001,Total Units,1,6492
Maine,2002,Total Units,1,7376
Maine,2003,Total Units,1,8124
Maine,2004,Total Units,1,8785
Maine,2005,Total Units,1,8969
Maine,2006,Total Units,1,7293
Maine,2007,Total Units,1,5873
Maine,2008,Total Units,1,3615
Maine,2009,Total Units,1,3121
Maine,2010,Total Units,1,3034
Maine,2011,Total Units,1,2744
Maine,2012,Total Units,1,3001
Maine,2013,Total Units,1,3438
Maine,2014,Total Units,1,3255
Maine,2015,Total Units,1,3698
Maine,2016,Total Units,1,4006
Maryland,1980,Total Units,1,20034
Maryland,1981,Total Units,1,17010
Maryland,1982,Total Units,1,21037
Maryland,1983,Total Units,1,39646
Maryland,1984,Total Units,1,38527
Maryland,1985,Total Units,1,42146
Maryland,1986,Total Units,1,42383
Maryland,1987,Total Units,1,41134
Maryland,1988,Total Units,1,39936
Maryland,1989,Total Units,1,40677
Maryland,1990,Total Units,1,32111
Maryland,1991,Total Units,1,25409
Maryland,1992,Total Units,1,32524
Maryland,1993,Total Units,1,30038
Maryland,1994,Total Units,1,28987
Maryland,1995,Total Units,1,26576
Maryland,1996,Total Units,1,25108
Maryland,1997,Total Units,1,25966
Maryland,1998,Total Units,1,30863
Maryland,1999,Total Units,1,29757
Maryland,2000,Total Units,1,30358
Maryland,2001,Total Units,1,29059
Maryland,2002,Total Units,1,29293
Maryland,2003,Total Units,1,29914
Maryland,2004,Total Units,1,27382
Maryland,2005,Total Units,1,30180
Maryland,2006,Total Units,1,23262
Maryland,2007,Total Units,1,18582
Maryland,2008,Total Units,1,13018
Maryland,2009,Total Units,1,11123
Maryland,2010,Total Units,1,11931
Maryland,2011,Total Units,1,13481
Maryland,2012,Total Units,1,15217
Maryland,2013,Total Units,1,17918
Maryland,2014,Total Units,1,16331
Maryland,2015,Total Units,1,17057
Maryland,2016,Total Units,1,17044
Massachusetts,1980,Total Units,1,16492
Massachusetts,1981,Total Units,1,16682
Massachusetts,1982,Total Units,1,15439
Massachusetts,1983,Total Units,1,22840
Massachusetts,1984,Total Units,1,29288
Massachusetts,1985,Total Units,1,39196
Massachusetts,1986,Total Units,1,45215
Massachusetts,1987,Total Units,1,40419
Massachusetts,1988,Total Units,1,30482
Massachusetts,1989,Total Units,1,21283
Massachusetts,1990,Total Units,1,14290
Massachusetts,1991,Total Units,1,12672
Massachusetts,1992,Total Units,1,16411
Massachusetts,1993,Total Units,1,17460
Massachusetts,1994,Total Units,1,18115
Massachusetts,1995,Total Units,1,16428
Massachusetts,1996,Total Units,1,17261
Massachusetts,1997,Total Units,1,17186
Massachusetts,1998,Total Units,1,19254
Massachusetts,1999,Total Units,1,18967
Massachusetts,2000,Total Units,1,18000
Massachusetts,2001,Total Units,1,17034
Massachusetts,2002,Total Units,1,17465
Massachusetts,2003,Total Units,1,20257
Massachusetts,2004,Total Units,1,22477
Massachusetts,2005,Total Units,1,24549
Massachusetts,2006,Total Units,1,19580
Massachusetts,2007,Total Units,1,15358
Massachusetts,2008,Total Units,1,9883
Massachusetts,2009,Total Units,1,7941
Massachusetts,2010,Total Units,1,9075
Massachusetts,2011,Total Units,1,7725
Massachusetts,2012,Total Units,1,11111
Massachusetts,2013,Total Units,1,14569
Massachusetts,2014,Total Units,1,14486
Massachusetts,2015,Total Units,1,17424
Massachusetts,2016,Total Units,1,16288
Michigan,1980,Total Units,1,28956
Michigan,1981,Total Units,1,18797
Michigan,1982,Total Units,1,14245
Michigan,1983,Total Units,1,21497
Michigan,1984,Total Units,1,27718
Michigan,1985,Total Units,1,37581
Michigan,1986,Total Units,1,47214
Michigan,1987,Total Units,1,46607
Michigan,1988,Total Units,1,44780
Michigan,1989,Total Units,1,45693
Michigan,1990,Total Units,1,38900
Michigan,1991,Total Units,1,33971
Michigan,1992,Total Units,1,37277
Michigan,1993,Total Units,1,40018
Michigan,1994,Total Units,1,46475
Michigan,1995,Total Units,1,47226
Michigan,1996,Total Units,1,52355
Michigan,1997,Total Units,1,49237
Michigan,1998,Total Units,1,54508
Michigan,1999,Total Units,1,54257
Michigan,2000,Total Units,1,52489
Michigan,2001,Total Units,1,50139
Michigan,2002,Total Units,1,49968
Michigan,2003,Total Units,1,53913
Michigan,2004,Total Units,1,54721
Michigan,2005,Total Units,1,45328
Michigan,2006,Total Units,1,29191
Michigan,2007,Total Units,1,17767
Michigan,2008,Total Units,1,10911
Michigan,2009,Total Units,1,6884
Michigan,2010,Total Units,1,9075
Michigan,2011,Total Units,1,9341
Michigan,2012,Total Units,1,11692
Michigan,2013,Total Units,1,15757
Michigan,2014,Total Units,1,15933
Michigan,2015,Total Units,1,18156
Michigan,2016,Total Units,1,20377
Minnesota,1980,Total Units,1,21610
Minnesota,1981,Total Units,1,17545
Minnesota,1982,Total Units,1,19148
Minnesota,1983,Total Units,1,25190
Minnesota,1984,Total Units,1,26603
Minnesota,1985,Total Units,1,28519
Minnesota,1986,Total Units,1,33201
Minnesota,1987,Total Units,1,33362
Minnesota,1988,Total Units,1,28380
Minnesota,1989,Total Units,1,25129
Minnesota,1990,Total Units,1,23713
Minnesota,1991,Total Units,1,21432
Minnesota,1992,Total Units,1,26880
Minnesota,1993,Total Units,1,27666
Minnesota,1994,Total Units,1,25630
Minnesota,1995,Total Units,1,25494
Minnesota,1996,Total Units,1,27054
Minnesota,1997,Total Units,1,24909
Minnesota,1998,Total Units,1,30447
Minnesota,1999,Total Units,1,33344
Minnesota,2000,Total Units,1,33007
Minnesota,2001,Total Units,1,34151
Minnesota,2002,Total Units,1,39172
Minnesota,2003,Total Units,1,42360
Minnesota,2004,Total Units,1,41850
Minnesota,2005,Total Units,1,36522
Minnesota,2006,Total Units,1,26352
Minnesota,2007,Total Units,1,17935
Minnesota,2008,Total Units,1,11555
Minnesota,2009,Total Units,1,9429
Minnesota,2010,Total Units,1,9841
Minnesota,2011,Total Units,1,8894
Minnesota,2012,Total Units,1,16105
Minnesota,2013,Total Units,1,17372
Minnesota,2014,Total Units,1,17002
Minnesota,2015,Total Units,1,19537
Minnesota,2016,Total Units,1,21441
Mississippi,1980,Total Units,1,9658
Mississippi,1981,Total Units,1,5590
Mississippi,1982,Total Units,1,6339
Mississippi,1983,Total Units,1,9973
Mississippi,1984,Total Units,1,11524
Mississippi,1985,Total Units,1,8757
Mississippi,1986,Total Units,1,8289
Mississippi,1987,Total Units,1,6632
Mississippi,1988,Total Units,1,7396
Mississippi,1989,Total Units,1,6643
Mississippi,1990,Total Units,1,5950
Mississippi,1991,Total Units,1,5582
Mississippi,1992,Total Units,1,7200
Mississippi,1993,Total Units,1,8772
Mississippi,1994,Total Units,1,10934
Mississippi,1995,Total Units,1,10754
Mississippi,1996,Total Units,1,10368
Mississippi,1997,Total Units,1,10079
Mississippi,1998,Total Units,1,12879
Mississippi,1999,Total Units,1,12871
Mississippi,2000,Total Units,1,11785
Mississippi,2001,Total Units,1,9908
Mississippi,2002,Total Units,1,11587
Mississippi,2003,Total Units,1,12220
Mississippi,2004,Total Units,1,14532
Mississippi,2005,Total Units,1,13400
Mississippi,2006,Total Units,1,16630
Mississippi,2007,Total Units,1,16844
Mississippi,2008,Total Units,1,11434
Mississippi,2009,Total Units,1,6998
Mississippi,2010,Total Units,1,5259
Mississippi,2011,Total Units,1,5273
Mississippi,2012,Total Units,1,6042
Mississippi,2013,Total Units,1,6834
Mississippi,2014,Total Units,1,6952
Mississippi,2015,Total Units,1,6845
Mississippi,2016,Total Units,1,6886
Missouri,1980,Total Units,1,13677
Missouri,1981,Total Units,1,9903
Missouri,1982,Total Units,1,11652
Missouri,1983,Total Units,1,18725
Missouri,1984,Total Units,1,24772
Missouri,1985,Total Units,1,27237
Missouri,1986,Total Units,1,33194
Missouri,1987,Total Units,1,29072
Missouri,1988,Total Units,1,23482
Missouri,1989,Total Units,1,17979
Missouri,1990,Total Units,1,15294
Missouri,1991,Total Units,1,16673
Missouri,1992,Total Units,1,21288
Missouri,1993,Total Units,1,23194
Missouri,1994,Total Units,1,26390
Missouri,1995,Total Units,1,24291
Missouri,1996,Total Units,1,26303
Missouri,1997,Total Units,1,25177
Missouri,1998,Total Units,1,25673
Missouri,1999,Total Units,1,26881
Missouri,2000,Total Units,1,24358
Missouri,2001,Total Units,1,24739
Missouri,2002,Total Units,1,28816
Missouri,2003,Total Units,1,30330
Missouri,2004,Total Units,1,32791
Missouri,2005,Total Units,1,33149
Missouri,2006,Total Units,1,29226
Missouri,2007,Total Units,1,21648
Missouri,2008,Total Units,1,13278
Missouri,2009,Total Units,1,10057
Missouri,2010,Total Units,1,9700
Missouri,2011,Total Units,1,9244
Missouri,2012,Total Units,1,12298
Missouri,2013,Total Units,1,13913
Missouri,2014,Total Units,1,16232
Missouri,2015,Total Units,1,18342
Missouri,2016,Total Units,1,18992
Montana,1980,Total Units,1,2314
Montana,1981,Total Units,1,1890
Montana,1982,Total Units,1,2022
Montana,1983,Total Units,1,3002
Montana,1984,Total Units,1,2837
Montana,1985,Total Units,1,2034
Montana,1986,Total Units,1,1153
Montana,1987,Total Units,1,798
Montana,1988,Total Units,1,812
Montana,1989,Total Units,1,734
Montana,1990,Total Units,1,1223
Montana,1991,Total Units,1,1571
Montana,1992,Total Units,1,2110
Montana,1993,Total Units,1,3026
Montana,1994,Total Units,1,3025
Montana,1995,Total Units,1,3064
Montana,1996,Total Units,1,2680
Montana,1997,Total Units,1,2473
Montana,1998,Total Units,1,2561
Montana,1999,Total Units,1,2566
Montana,2000,Total Units,1,2572
Montana,2001,Total Units,1,2604
Montana,2002,Total Units,1,3574
Montana,2003,Total Units,1,3767
Montana,2004,Total Units,1,4975
Montana,2005,Total Units,1,4803
Montana,2006,Total Units,1,4542
Montana,2007,Total Units,1,4153
Montana,2008,Total Units,1,2376
Montana,2009,Total Units,1,1686
Montana,2010,Total Units,1,2022
Montana,2011,Total Units,1,1914
Montana,2012,Total Units,1,2736
Montana,2013,Total Units,1,4854
Montana,2014,Total Units,1,3884
Montana,2015,Total Units,1,4826
Montana,2016,Total Units,1,4781
Nebraska,1980,Total Units,1,6737
Nebraska,1981,Total Units,1,3827
Nebraska,1982,Total Units,1,3678
Nebraska,1983,Total Units,1,5531
Nebraska,1984,Total Units,1,5786
Nebraska,1985,Total Units,1,5001
Nebraska,1986,Total Units,1,6236
Nebraska,1987,Total Units,1,4902
Nebraska,1988,Total Units,1,5743
Nebraska,1989,Total Units,1,6041
Nebraska,1990,Total Units,1,6756
Nebraska,1991,Total Units,1,6263
Nebraska,1992,Total Units,1,6810
Nebraska,1993,Total Units,1,7800
Nebraska,1994,Total Units,1,7877
Nebraska,1995,Total Units,1,8164
Nebraska,1996,Total Units,1,10091
Nebraska,1997,Total Units,1,9881
Nebraska,1998,Total Units,1,9560
Nebraska,1999,Total Units,1,8696
Nebraska,2000,Total Units,1,9105
Nebraska,2001,Total Units,1,8198
Nebraska,2002,Total Units,1,9340
Nebraska,2003,Total Units,1,10467
Nebraska,2004,Total Units,1,10920
Nebraska,2005,Total Units,1,9929
Nebraska,2006,Total Units,1,8230
Nebraska,2007,Total Units,1,7604
Nebraska,2008,Total Units,1,6455
Nebraska,2009,Total Units,1,5215
Nebraska,2010,Total Units,1,5450
Nebraska,2011,Total Units,1,5265
Nebraska,2012,Total Units,1,6201
Nebraska,2013,Total Units,1,7633
Nebraska,2014,Total Units,1,7653
Nebraska,2015,Total Units,1,8088
Nebraska,2016,Total Units,1,8075
Nevada,1980,Total Units,1,11759
Nevada,1981,Total Units,1,10273
Nevada,1982,Total Units,1,8142
Nevada,1983,Total Units,1,15987
Nevada,1984,Total Units,1,13749
Nevada,1985,Total Units,1,14004
Nevada,1986,Total Units,1,15655
Nevada,1987,Total Units,1,16345
Nevada,1988,Total Units,1,30769
Nevada,1989,Total Units,1,29253
Nevada,1990,Total Units,1,25096
Nevada,1991,Total Units,1,20986
Nevada,1992,Total Units,1,17284
Nevada,1993,Total Units,1,23323
Nevada,1994,Total Units,1,31071
Nevada,1995,Total Units,1,32804
Nevada,1996,Total Units,1,37242
Nevada,1997,Total Units,1,34811
Nevada,1998,Total Units,1,36999
Nevada,1999,Total Units,1,32643
Nevada,2000,Total Units,1,32285
Nevada,2001,Total Units,1,36125
Nevada,2002,Total Units,1,35615
Nevada,2003,Total Units,1,43366
Nevada,2004,Total Units,1,44556
Nevada,2005,Total Units,1,47728
Nevada,2006,Total Units,1,39445
Nevada,2007,Total Units,1,27209
Nevada,2008,Total Units,1,14881
Nevada,2009,Total Units,1,6764
Nevada,2010,Total Units,1,6443
Nevada,2011,Total Units,1,6163
Nevada,2012,Total Units,1,9071
Nevada,2013,Total Units,1,11174
Nevada,2014,Total Units,1,13016
Nevada,2015,Total Units,1,14083
Nevada,2016,Total Units,1,17952
New Hampshire,1980,Total Units,1,5693
New Hampshire,1981,Total Units,1,4801
New Hampshire,1982,Total Units,1,4979
New Hampshire,1983,Total Units,1,8323
New Hampshire,1984,Total Units,1,11051
New Hampshire,1985,Total Units,1,17769
New Hampshire,1986,Total Units,1,18305
New Hampshire,1987,Total Units,1,14834
New Hampshire,1988,Total Units,1,11923
New Hampshire,1989,Total Units,1,7389
New Hampshire,1990,Total Units,1,4201
New Hampshire,1991,Total Units,1,3720
New Hampshire,1992,Total Units,1,4295
New Hampshire,1993,Total Units,1,4460
New Hampshire,1994,Total Units,1,4667
New Hampshire,1995,Total Units,1,4423
New Hampshire,1996,Total Units,1,4926
New Hampshire,1997,Total Units,1,5404
New Hampshire,1998,Total Units,1,5771
New Hampshire,1999,Total Units,1,6326
New Hampshire,2000,Total Units,1,6680
New Hampshire,2001,Total Units,1,6624
New Hampshire,2002,Total Units,1,8724
New Hampshire,2003,Total Units,1,8641
New Hampshire,2004,Total Units,1,8653
New Hampshire,2005,Total Units,1,7586
New Hampshire,2006,Total Units,1,5677
New Hampshire,2007,Total Units,1,4561
New Hampshire,2008,Total Units,1,3234
New Hampshire,2009,Total Units,1,2287
New Hampshire,2010,Total Units,1,2670
New Hampshire,2011,Total Units,1,2346
New Hampshire,2012,Total Units,1,2296
New Hampshire,2013,Total Units,1,2788
New Hampshire,2014,Total Units,1,3403
New Hampshire,2015,Total Units,1,3761
New Hampshire,2016,Total Units,1,3795
Location,Year,Series,Series Code,Permits
New Jersey,1980,Total Units,1,22270
New Jersey,1981,Total Units,1,20676
New Jersey,1982,Total Units,1,21297
New Jersey,1983,Total Units,1,35897
New Jersey,1984,Total Units,1,43787
New Jersey,1985,Total Units,1,55027
New Jersey,1986,Total Units,1,57353
New Jersey,1987,Total Units,1,51462
New Jersey,1988,Total Units,1,40909
New Jersey,1989,Total Units,1,30337
New Jersey,1990,Total Units,1,17524
New Jersey,1991,Total Units,1,14856
New Jersey,1992,Total Units,1,19072
New Jersey,1993,Total Units,1,25188
New Jersey,1994,Total Units,1,25388
New Jersey,1995,Total Units,1,21521
New Jersey,1996,Total Units,1,24173
New Jersey,1997,Total Units,1,28018
New Jersey,1998,Total Units,1,31345
New Jersey,1999,Total Units,1,31976
New Jersey,2000,Total Units,1,34585
New Jersey,2001,Total Units,1,28267
New Jersey,2002,Total Units,1,30441
New Jersey,2003,Total Units,1,32984
New Jersey,2004,Total Units,1,35936
New Jersey,2005,Total Units,1,38588
New Jersey,2006,Total Units,1,34323
New Jersey,2007,Total Units,1,25389
New Jersey,2008,Total Units,1,18363
New Jersey,2009,Total Units,1,12421
New Jersey,2010,Total Units,1,13535
New Jersey,2011,Total Units,1,12952
New Jersey,2012,Total Units,1,17939
New Jersey,2013,Total Units,1,24209
New Jersey,2014,Total Units,1,28155
New Jersey,2015,Total Units,1,30560
New Jersey,2016,Total Units,1,26793
New Mexico,1980,Total Units,1,6513
New Mexico,1981,Total Units,1,5368
New Mexico,1982,Total Units,1,6208
New Mexico,1983,Total Units,1,8149
New Mexico,1984,Total Units,1,13931
New Mexico,1985,Total Units,1,9373
New Mexico,1986,Total Units,1,9036
New Mexico,1987,Total Units,1,7187
New Mexico,1988,Total Units,1,5049
New Mexico,1989,Total Units,1,5327
New Mexico,1990,Total Units,1,4319
New Mexico,1991,Total Units,1,4435
New Mexico,1992,Total Units,1,7240
New Mexico,1993,Total Units,1,8874
New Mexico,1994,Total Units,1,11545
New Mexico,1995,Total Units,1,11009
New Mexico,1996,Total Units,1,10180
New Mexico,1997,Total Units,1,10265
New Mexico,1998,Total Units,1,10312
New Mexico,1999,Total Units,1,9716
New Mexico,2000,Total Units,1,8869
New Mexico,2001,Total Units,1,9989
New Mexico,2002,Total Units,1,12066
New Mexico,2003,Total Units,1,13759
New Mexico,2004,Total Units,1,12555
New Mexico,2005,Total Units,1,14180
New Mexico,2006,Total Units,1,13573
New Mexico,2007,Total Units,1,9206
New Mexico,2008,Total Units,1,6070
New Mexico,2009,Total Units,1,4642
New Mexico,2010,Total Units,1,4533
New Mexico,2011,Total Units,1,4067
New Mexico,2012,Total Units,1,4672
New Mexico,2013,Total Units,1,5161
New Mexico,2014,Total Units,1,4799
New Mexico,2015,Total Units,1,4599
New Mexico,2016,Total Units,1,4863
New York,1980,Total Units,1,24702
New York,1981,Total Units,1,26555
New York,1982,Total Units,1,25697
New York,1983,Total Units,1,38841
New York,1984,Total Units,1,44682
New York,1985,Total Units,1,61901
New York,1986,Total Units,1,61571
New York,1987,Total Units,1,63809
New York,1988,Total Units,1,56355
New York,1989,Total Units,1,50503
New York,1990,Total Units,1,36632
New York,1991,Total Units,1,30632
New York,1992,Total Units,1,31804
New York,1993,Total Units,1,30473
New York,1994,Total Units,1,31147
New York,1995,Total Units,1,28074
New York,1996,Total Units,1,34914
New York,1997,Total Units,1,32898
New York,1998,Total Units,1,38439
New York,1999,Total Units,1,42619
New York,2000,Total Units,1,44167
New York,2001,Total Units,1,45542
New York,2002,Total Units,1,49280
New York,2003,Total Units,1,49789
New York,2004,Total Units,1,53497
New York,2005,Total Units,1,61949
New York,2006,Total Units,1,54382
New York,2007,Total Units,1,54059
New York,2008,Total Units,1,51637
New York,2009,Total Units,1,18344
New York,2010,Total Units,1,19568
New York,2011,Total Units,1,22578
New York,2012,Total Units,1,24878
New York,2013,Total Units,1,32593
New York,2014,Total Units,1,36297
New York,2015,Total Units,1,74597
New York,2016,Total Units,1,33701
North Carolina,1980,Total Units,1,36131
North Carolina,1981,Total Units,1,34762
North Carolina,1982,Total Units,1,34230
North Carolina,1983,Total Units,1,55941
North Carolina,1984,Total Units,1,63395
North Carolina,1985,Total Units,1,71264
North Carolina,1986,Total Units,1,63624
North Carolina,1987,Total Units,1,55120
North Carolina,1988,Total Units,1,50729
North Carolina,1989,Total Units,1,48841
North Carolina,1990,Total Units,1,41376
North Carolina,1991,Total Units,1,39827
North Carolina,1992,Total Units,1,49245
North Carolina,1993,Total Units,1,54331
North Carolina,1994,Total Units,1,62859
North Carolina,1995,Total Units,1,60923
North Carolina,1996,Total Units,1,66997
North Carolina,1997,Total Units,1,73015
North Carolina,1998,Total Units,1,80514
North Carolina,1999,Total Units,1,84754
North Carolina,2000,Total Units,1,78376
North Carolina,2001,Total Units,1,82030
North Carolina,2002,Total Units,1,79824
North Carolina,2003,Total Units,1,79226
North Carolina,2004,Total Units,1,93077
North Carolina,2005,Total Units,1,97910
North Carolina,2006,Total Units,1,100017
North Carolina,2007,Total Units,1,85777
North Carolina,2008,Total Units,1,54652
North Carolina,2009,Total Units,1,33800
North Carolina,2010,Total Units,1,33889
North Carolina,2011,Total Units,1,32804
North Carolina,2012,Total Units,1,48692
North Carolina,2013,Total Units,1,51290
North Carolina,2014,Total Units,1,49911
North Carolina,2015,Total Units,1,54757
North Carolina,2016,Total Units,1,60550
North Dakota,1980,Total Units,1,3135
North Dakota,1981,Total Units,1,2181
North Dakota,1982,Total Units,1,2885
North Dakota,1983,Total Units,1,4604
North Dakota,1984,Total Units,1,3185
North Dakota,1985,Total Units,1,2641
North Dakota,1986,Total Units,1,1702
North Dakota,1987,Total Units,1,1970
North Dakota,1988,Total Units,1,1815
North Dakota,1989,Total Units,1,2210
North Dakota,1990,Total Units,1,1512
North Dakota,1991,Total Units,1,2125
North Dakota,1992,Total Units,1,2618
North Dakota,1993,Total Units,1,2983
North Dakota,1994,Total Units,1,3380
North Dakota,1995,Total Units,1,3187
North Dakota,1996,Total Units,1,2325
North Dakota,1997,Total Units,1,3223
North Dakota,1998,Total Units,1,2977
North Dakota,1999,Total Units,1,2579
North Dakota,2000,Total Units,1,2130
North Dakota,2001,Total Units,1,2687
North Dakota,2002,Total Units,1,3272
North Dakota,2003,Total Units,1,3732
North Dakota,2004,Total Units,1,4033
North Dakota,2005,Total Units,1,4038
North Dakota,2006,Total Units,1,3529
North Dakota,2007,Total Units,1,3360
North Dakota,2008,Total Units,1,2833
North Dakota,2009,Total Units,1,3195
North Dakota,2010,Total Units,1,3833
North Dakota,2011,Total Units,1,6201
North Dakota,2012,Total Units,1,10340
North Dakota,2013,Total Units,1,10564
North Dakota,2014,Total Units,1,12206
North Dakota,2015,Total Units,1,5801
North Dakota,2016,Total Units,1,3949
Ohio,1980,Total Units,1,31080
Ohio,1981,Total Units,1,22069
Ohio,1982,Total Units,1,16788
Ohio,1983,Total Units,1,26744
Ohio,1984,Total Units,1,29572
Ohio,1985,Total Units,1,32943
Ohio,1986,Total Units,1,44368
Ohio,1987,Total Units,1,45180
Ohio,1988,Total Units,1,45088
Ohio,1989,Total Units,1,41634
Ohio,1990,Total Units,1,38430
Ohio,1991,Total Units,1,35770
Ohio,1992,Total Units,1,42616
Ohio,1993,Total Units,1,44387
Ohio,1994,Total Units,1,47157
Ohio,1995,Total Units,1,44818
Ohio,1996,Total Units,1,49288
Ohio,1997,Total Units,1,46493
Ohio,1998,Total Units,1,48039
Ohio,1999,Total Units,1,55888
Ohio,2000,Total Units,1,49756
Ohio,2001,Total Units,1,49931
Ohio,2002,Total Units,1,51253
Ohio,2003,Total Units,1,53385
Ohio,2004,Total Units,1,51695
Ohio,2005,Total Units,1,47727
Ohio,2006,Total Units,1,34422
Ohio,2007,Total Units,1,27095
Ohio,2008,Total Units,1,17666
Ohio,2009,Total Units,1,13343
Ohio,2010,Total Units,1,13710
Ohio,2011,Total Units,1,13762
Ohio,2012,Total Units,1,16905
Ohio,2013,Total Units,1,19965
Ohio,2014,Total Units,1,19937
Ohio,2015,Total Units,1,19996
Ohio,2016,Total Units,1,22754
Oklahoma,1980,Total Units,1,17913
Oklahoma,1981,Total Units,1,15164
Oklahoma,1982,Total Units,1,29110
Oklahoma,1983,Total Units,1,40656
Oklahoma,1984,Total Units,1,22926
Oklahoma,1985,Total Units,1,10670
Oklahoma,1986,Total Units,1,8984
Oklahoma,1987,Total Units,1,6247
Oklahoma,1988,Total Units,1,5046
Oklahoma,1989,Total Units,1,5622
Oklahoma,1990,Total Units,1,5284
Oklahoma,1991,Total Units,1,5992
Oklahoma,1992,Total Units,1,7828
Oklahoma,1993,Total Units,1,8875
Oklahoma,1994,Total Units,1,9507
Oklahoma,1995,Total Units,1,10073
Oklahoma,1996,Total Units,1,10652
Oklahoma,1997,Total Units,1,11201
Oklahoma,1998,Total Units,1,14389
Oklahoma,1999,Total Units,1,14186
Oklahoma,2000,Total Units,1,11152
Oklahoma,2001,Total Units,1,12352
Oklahoma,2002,Total Units,1,13165
Oklahoma,2003,Total Units,1,15130
Oklahoma,2004,Total Units,1,17099
Oklahoma,2005,Total Units,1,18426
Oklahoma,2006,Total Units,1,15840
Oklahoma,2007,Total Units,1,14780
Oklahoma,2008,Total Units,1,10502
Oklahoma,2009,Total Units,1,8753
Oklahoma,2010,Total Units,1,8140
Oklahoma,2011,Total Units,1,8782
Oklahoma,2012,Total Units,1,11932
Oklahoma,2013,Total Units,1,13661
Oklahoma,2014,Total Units,1,14247
Oklahoma,2015,Total Units,1,11543
Oklahoma,2016,Total Units,1,12090
Oregon,1980,Total Units,1,19117
Oregon,1981,Total Units,1,12820
Oregon,1982,Total Units,1,7428
Oregon,1983,Total Units,1,8559
Oregon,1984,Total Units,1,7987
Oregon,1985,Total Units,1,11281
Oregon,1986,Total Units,1,10653
Oregon,1987,Total Units,1,12159
Oregon,1988,Total Units,1,14000
Oregon,1989,Total Units,1,23079
Oregon,1990,Total Units,1,22854
Oregon,1991,Total Units,1,16386
Oregon,1992,Total Units,1,16994
Oregon,1993,Total Units,1,20529
Oregon,1994,Total Units,1,24067
Oregon,1995,Total Units,1,26201
Oregon,1996,Total Units,1,27814
Oregon,1997,Total Units,1,26999
Oregon,1998,Total Units,1,25854
Oregon,1999,Total Units,1,23249
Oregon,2000,Total Units,1,19877
Oregon,2001,Total Units,1,21322
Oregon,2002,Total Units,1,22186
Oregon,2003,Total Units,1,25015
Oregon,2004,Total Units,1,27309
Oregon,2005,Total Units,1,31024
Oregon,2006,Total Units,1,26623
Oregon,2007,Total Units,1,21101
Oregon,2008,Total Units,1,11676
Oregon,2009,Total Units,1,7039
Oregon,2010,Total Units,1,6868
Oregon,2011,Total Units,1,7663
Oregon,2012,Total Units,1,10608
Oregon,2013,Total Units,1,14843
Oregon,2014,Total Units,1,16645
Oregon,2015,Total Units,1,17510
Oregon,2016,Total Units,1,19586
Pennsylvania,1980,Total Units,1,30182
Pennsylvania,1981,Total Units,1,25479
Pennsylvania,1982,Total Units,1,23649
Pennsylvania,1983,Total Units,1,35393
Pennsylvania,1984,Total Units,1,39415
Pennsylvania,1985,Total Units,1,43566
Pennsylvania,1986,Total Units,1,53442
Pennsylvania,1987,Total Units,1,54803
Pennsylvania,1988,Total Units,1,53833
Pennsylvania,1989,Total Units,1,45512
Pennsylvania,1990,Total Units,1,37244
Pennsylvania,1991,Total Units,1,35986
Pennsylvania,1992,Total Units,1,39889
Pennsylvania,1993,Total Units,1,41741
Pennsylvania,1994,Total Units,1,40210
Pennsylvania,1995,Total Units,1,36250
Pennsylvania,1996,Total Units,1,37895
Pennsylvania,1997,Total Units,1,39881
Pennsylvania,1998,Total Units,1,41616
Pennsylvania,1999,Total Units,1,42662
Pennsylvania,2000,Total Units,1,41076
Pennsylvania,2001,Total Units,1,41403
Pennsylvania,2002,Total Units,1,45138
Pennsylvania,2003,Total Units,1,47408
Pennsylvania,2004,Total Units,1,49668
Pennsylvania,2005,Total Units,1,44526
Pennsylvania,2006,Total Units,1,39133
Pennsylvania,2007,Total Units,1,33668
Pennsylvania,2008,Total Units,1,24580
Pennsylvania,2009,Total Units,1,18278
Pennsylvania,2010,Total Units,1,19743
Pennsylvania,2011,Total Units,1,14989
Pennsylvania,2012,Total Units,1,18814
Pennsylvania,2013,Total Units,1,21699
Pennsylvania,2014,Total Units,1,25098
Pennsylvania,2015,Total Units,1,22834
Pennsylvania,2016,Total Units,1,23293
Rhode Island,1980,Total Units,1,2929
Rhode Island,1981,Total Units,1,3155
Rhode Island,1982,Total Units,1,2635
Rhode Island,1983,Total Units,1,3787
Rhode Island,1984,Total Units,1,4208
Rhode Island,1985,Total Units,1,5408
Rhode Island,1986,Total Units,1,7274
Rhode Island,1987,Total Units,1,7201
Rhode Island,1988,Total Units,1,6065
Rhode Island,1989,Total Units,1,3865
Rhode Island,1990,Total Units,1,3042
Rhode Island,1991,Total Units,1,2377
Rhode Island,1992,Total Units,1,2592
Rhode Island,1993,Total Units,1,2579
Rhode Island,1994,Total Units,1,2539
Rhode Island,1995,Total Units,1,2331
Rhode Island,1996,Total Units,1,2462
Rhode Island,1997,Total Units,1,2672
Rhode Island,1998,Total Units,1,2642
Rhode Island,1999,Total Units,1,3414
Rhode Island,2000,Total Units,1,2596
Rhode Island,2001,Total Units,1,2407
Rhode Island,2002,Total Units,1,2848
Rhode Island,2003,Total Units,1,2286
Rhode Island,2004,Total Units,1,2532
Rhode Island,2005,Total Units,1,2836
Rhode Island,2006,Total Units,1,2370
Rhode Island,2007,Total Units,1,1938
Rhode Island,2008,Total Units,1,1058
Rhode Island,2009,Total Units,1,961
Rhode Island,2010,Total Units,1,934
Rhode Island,2011,Total Units,1,700
Rhode Island,2012,Total Units,1,731
Rhode Island,2013,Total Units,1,928
Rhode Island,2014,Total Units,1,952
Rhode Island,2015,Total Units,1,998
Rhode Island,2016,Total Units,1,1226
South Carolina,1980,Total Units,1,22556
South Carolina,1981,Total Units,1,19189
South Carolina,1982,Total Units,1,18129
South Carolina,1983,Total Units,1,29957
South Carolina,1984,Total Units,1,35883
South Carolina,1985,Total Units,1,32815
South Carolina,1986,Total Units,1,26840
South Carolina,1987,Total Units,1,23520
South Carolina,1988,Total Units,1,23102
South Carolina,1989,Total Units,1,21204
South Carolina,1990,Total Units,1,21251
South Carolina,1991,Total Units,1,18958
South Carolina,1992,Total Units,1,20559
South Carolina,1993,Total Units,1,21398
South Carolina,1994,Total Units,1,24825
South Carolina,1995,Total Units,1,24083
South Carolina,1996,Total Units,1,29606
South Carolina,1997,Total Units,1,30251
South Carolina,1998,Total Units,1,33577
South Carolina,1999,Total Units,1,36161
South Carolina,2000,Total Units,1,32812
South Carolina,2001,Total Units,1,30133
South Carolina,2002,Total Units,1,34109
South Carolina,2003,Total Units,1,38247
South Carolina,2004,Total Units,1,43235
South Carolina,2005,Total Units,1,54165
South Carolina,2006,Total Units,1,50781
South Carolina,2007,Total Units,1,40631
South Carolina,2008,Total Units,1,25922
South Carolina,2009,Total Units,1,15533
South Carolina,2010,Total Units,1,14026
South Carolina,2011,Total Units,1,15542
South Carolina,2012,Total Units,1,18710
South Carolina,2013,Total Units,1,24728
South Carolina,2014,Total Units,1,27543
South Carolina,2015,Total Units,1,31030
South Carolina,2016,Total Units,1,32165
South Dakota,1980,Total Units,1,3221
South Dakota,1981,Total Units,1,1584
South Dakota,1982,Total Units,1,1310
South Dakota,1983,Total Units,1,2590
South Dakota,1984,Total Units,1,3221
South Dakota,1985,Total Units,1,2544
South Dakota,1986,Total Units,1,1981
South Dakota,1987,Total Units,1,1874
South Dakota,1988,Total Units,1,1922
South Dakota,1989,Total Units,1,2075
South Dakota,1990,Total Units,1,2830
South Dakota,1991,Total Units,1,2572
South Dakota,1992,Total Units,1,3237
South Dakota,1993,Total Units,1,3851
South Dakota,1994,Total Units,1,4563
South Dakota,1995,Total Units,1,3841
South Dakota,1996,Total Units,1,3657
South Dakota,1997,Total Units,1,3174
South Dakota,1998,Total Units,1,3456
South Dakota,1999,Total Units,1,3672
South Dakota,2000,Total Units,1,4203
South Dakota,2001,Total Units,1,4455
South Dakota,2002,Total Units,1,4890
South Dakota,2003,Total Units,1,5082
South Dakota,2004,Total Units,1,5839
South Dakota,2005,Total Units,1,5685
South Dakota,2006,Total Units,1,5358
South Dakota,2007,Total Units,1,5115
South Dakota,2008,Total Units,1,3884
South Dakota,2009,Total Units,1,3691
South Dakota,2010,Total Units,1,2946
South Dakota,2011,Total Units,1,2813
South Dakota,2012,Total Units,1,4178
South Dakota,2013,Total Units,1,5484
South Dakota,2014,Total Units,1,4728
South Dakota,2015,Total Units,1,4476
South Dakota,2016,Total Units,1,5679
Tennessee,1980,Total Units,1,20191
Tennessee,1981,Total Units,1,12279
Tennessee,1982,Total Units,1,15123
Tennessee,1983,Total Units,1,27114
Tennessee,1984,Total Units,1,36692
Tennessee,1985,Total Units,1,38058
Tennessee,1986,Total Units,1,34293
Tennessee,1987,Total Units,1,29860
Tennessee,1988,Total Units,1,27739
Tennessee,1989,Total Units,1,24198
Tennessee,1990,Total Units,1,21973
Tennessee,1991,Total Units,1,21249
Tennessee,1992,Total Units,1,25302
Tennessee,1993,Total Units,1,29361
Tennessee,1994,Total Units,1,31874
Tennessee,1995,Total Units,1,35096
Tennessee,1996,Total Units,1,40522
Tennessee,1997,Total Units,1,34096
Tennessee,1998,Total Units,1,34136
Tennessee,1999,Total Units,1,37049
Tennessee,2000,Total Units,1,32253
Tennessee,2001,Total Units,1,32370
Tennessee,2002,Total Units,1,34500
Tennessee,2003,Total Units,1,38715
Tennessee,2004,Total Units,1,44807
Tennessee,2005,Total Units,1,46615
Tennessee,2006,Total Units,1,46159
Tennessee,2007,Total Units,1,37520
Tennessee,2008,Total Units,1,22395
Tennessee,2009,Total Units,1,15092
Tennessee,2010,Total Units,1,16491
Tennessee,2011,Total Units,1,15052
Tennessee,2012,Total Units,1,20153
Tennessee,2013,Total Units,1,24151
Tennessee,2014,Total Units,1,28167
Tennessee,2015,Total Units,1,32136
Tennessee,2016,Total Units,1,36023
Texas,1980,Total Units,1,128315
Texas,1981,Total Units,1,136471
Texas,1982,Total Units,1,202665
Texas,1983,Total Units,1,279214
Texas,1984,Total Units,1,195424
Texas,1985,Total Units,1,143117
Texas,1986,Total Units,1,96762
Texas,1987,Total Units,1,50477
Texas,1988,Total Units,1,40503
Texas,1989,Total Units,1,41311
Texas,1990,Total Units,1,47195
Texas,1991,Total Units,1,56506
Texas,1992,Total Units,1,69057
Texas,1993,Total Units,1,85509
Texas,1994,Total Units,1,102592
Texas,1995,Total Units,1,105105
Texas,1996,Total Units,1,118852
Texas,1997,Total Units,1,126022
Texas,1998,Total Units,1,156830
Texas,1999,Total Units,1,146644
Texas,2000,Total Units,1,141402
Texas,2001,Total Units,1,150342
Texas,2002,Total Units,1,165322
Texas,2003,Total Units,1,180574
Texas,2004,Total Units,1,191140
Texas,2005,Total Units,1,210726
Texas,2006,Total Units,1,216926
Texas,2007,Total Units,1,178908
Texas,2008,Total Units,1,131004
Texas,2009,Total Units,1,85605
Texas,2010,Total Units,1,89674
Texas,2011,Total Units,1,99514
Texas,2012,Total Units,1,138332
Texas,2013,Total Units,1,150121
Texas,2014,Total Units,1,170330
Texas,2015,Total Units,1,175402
Texas,2016,Total Units,1,165732
Utah,1980,Total Units,1,10812
Utah,1981,Total Units,1,9004
Utah,1982,Total Units,1,7860
Utah,1983,Total Units,1,14893
Utah,1984,Total Units,1,19666
Utah,1985,Total Units,1,16490
Utah,1986,Total Units,1,13799
Utah,1987,Total Units,1,7620
Utah,1988,Total Units,1,6241
Utah,1989,Total Units,1,5963
Utah,1990,Total Units,1,7296
Utah,1991,Total Units,1,8957
Utah,1992,Total Units,1,12835
Utah,1993,Total Units,1,17432
Utah,1994,Total Units,1,18627
Utah,1995,Total Units,1,20934
Utah,1996,Total Units,1,23591
Utah,1997,Total Units,1,19324
Utah,1998,Total Units,1,20867
Utah,1999,Total Units,1,20547
Utah,2000,Total Units,1,17688
Utah,2001,Total Units,1,18887
Utah,2002,Total Units,1,19409
Utah,2003,Total Units,1,22705
Utah,2004,Total Units,1,24267
Utah,2005,Total Units,1,27800
Utah,2006,Total Units,1,25923
Utah,2007,Total Units,1,20900
Utah,2008,Total Units,1,10905
Utah,2009,Total Units,1,9982
Utah,2010,Total Units,1,9171
Utah,2011,Total Units,1,9983
Utah,2012,Total Units,1,13007
Utah,2013,Total Units,1,15823
Utah,2014,Total Units,1,17515
Utah,2015,Total Units,1,18296
Utah,2016,Total Units,1,22637
Vermont,1980,Total Units,1,3392
Vermont,1981,Total Units,1,3687
Vermont,1982,Total Units,1,2774
Vermont,1983,Total Units,1,3382
Vermont,1984,Total Units,1,3900
Vermont,1985,Total Units,1,4161
Vermont,1986,Total Units,1,4479
Vermont,1987,Total Units,1,4611
Vermont,1988,Total Units,1,4811
Vermont,1989,Total Units,1,3643
Vermont,1990,Total Units,1,2371
Vermont,1991,Total Units,1,2131
Vermont,1992,Total Units,1,2437
Vermont,1993,Total Units,1,2502
Vermont,1994,Total Units,1,2376
Vermont,1995,Total Units,1,2269
Vermont,1996,Total Units,1,2070
Vermont,1997,Total Units,1,1831
Vermont,1998,Total Units,1,2198
Vermont,1999,Total Units,1,2600
Vermont,2000,Total Units,1,2506
Vermont,2001,Total Units,1,2747
Vermont,2002,Total Units,1,3092
Vermont,2003,Total Units,1,2843
Vermont,2004,Total Units,1,3588
Vermont,2005,Total Units,1,2917
Vermont,2006,Total Units,1,2626
Vermont,2007,Total Units,1,2056
Vermont,2008,Total Units,1,1444
Vermont,2009,Total Units,1,1367
Vermont,2010,Total Units,1,1321
Vermont,2011,Total Units,1,1299
Vermont,2012,Total Units,1,1301
Vermont,2013,Total Units,1,1502
Vermont,2014,Total Units,1,1547
Vermont,2015,Total Units,1,1998
Vermont,2016,Total Units,1,1771
Virginia,1980,Total Units,1,37282
Virginia,1981,Total Units,1,29768
Virginia,1982,Total Units,1,29805
Virginia,1983,Total Units,1,53787
Virginia,1984,Total Units,1,60214
Virginia,1985,Total Units,1,64147
Virginia,1986,Total Units,1,73536
Virginia,1987,Total Units,1,66638
Virginia,1988,Total Units,1,66473
Virginia,1989,Total Units,1,56920
Virginia,1990,Total Units,1,42151
Virginia,1991,Total Units,1,33740
Virginia,1992,Total Units,1,40245
Virginia,1993,Total Units,1,45051
Virginia,1994,Total Units,1,46830
Virginia,1995,Total Units,1,43129
Virginia,1996,Total Units,1,45919
Virginia,1997,Total Units,1,45523
Virginia,1998,Total Units,1,50204
Virginia,1999,Total Units,1,53151
Virginia,2000,Total Units,1,48402
Virginia,2001,Total Units,1,52860
Virginia,2002,Total Units,1,59445
Virginia,2003,Total Units,1,55936
Virginia,2004,Total Units,1,63220
Virginia,2005,Total Units,1,61518
Virginia,2006,Total Units,1,47704
Virginia,2007,Total Units,1,38362
Virginia,2008,Total Units,1,27577
Virginia,2009,Total Units,1,21452
Virginia,2010,Total Units,1,20992
Virginia,2011,Total Units,1,23297
Virginia,2012,Total Units,1,27278
Virginia,2013,Total Units,1,31942
Virginia,2014,Total Units,1,28680
Virginia,2015,Total Units,1,28467
Virginia,2016,Total Units,1,31132
Washington,1980,Total Units,1,33122
Washington,1981,Total Units,1,24450
Washington,1982,Total Units,1,17559
Washington,1983,Total Units,1,27276
Washington,1984,Total Units,1,30388
Washington,1985,Total Units,1,35472
Washington,1986,Total Units,1,36433
Washington,1987,Total Units,1,38341
Washington,1988,Total Units,1,45048
Washington,1989,Total Units,1,48204
Washington,1990,Total Units,1,48447
Washington,1991,Total Units,1,33013
Washington,1992,Total Units,1,39682
Washington,1993,Total Units,1,41346
Washington,1994,Total Units,1,44034
Washington,1995,Total Units,1,38176
Washington,1996,Total Units,1,39666
Washington,1997,Total Units,1,41089
Washington,1998,Total Units,1,45727
Washington,1999,Total Units,1,42809
Washington,2000,Total Units,1,39183
Washington,2001,Total Units,1,38345
Washington,2002,Total Units,1,40426
Washington,2003,Total Units,1,43121
Washington,2004,Total Units,1,50440
Washington,2005,Total Units,1,53716
Washington,2006,Total Units,1,50297
Washington,2007,Total Units,1,47558
Washington,2008,Total Units,1,28919
Washington,2009,Total Units,1,17011
Washington,2010,Total Units,1,20691
Washington,2011,Total Units,1,20864
Washington,2012,Total Units,1,28118
Washington,2013,Total Units,1,32966
Washington,2014,Total Units,1,33898
Washington,2015,Total Units,1,40374
Washington,2016,Total Units,1,44077
West Virginia,1980,Total Units,1,3879
West Virginia,1981,Total Units,1,2666
West Virginia,1982,Total Units,1,1957
West Virginia,1983,Total Units,1,2002
West Virginia,1984,Total Units,1,2099
West Virginia,1985,Total Units,1,1477
West Virginia,1986,Total Units,1,1918
West Virginia,1987,Total Units,1,1859
West Virginia,1988,Total Units,1,1784
West Virginia,1989,Total Units,1,1689
West Virginia,1990,Total Units,1,1771
West Virginia,1991,Total Units,1,2868
West Virginia,1992,Total Units,1,3359
West Virginia,1993,Total Units,1,3863
West Virginia,1994,Total Units,1,3873
West Virginia,1995,Total Units,1,3691
West Virginia,1996,Total Units,1,3616
West Virginia,1997,Total Units,1,4104
West Virginia,1998,Total Units,1,3834
West Virginia,1999,Total Units,1,4233
West Virginia,2000,Total Units,1,3763
West Virginia,2001,Total Units,1,3947
West Virginia,2002,Total Units,1,4900
West Virginia,2003,Total Units,1,5235
West Virginia,2004,Total Units,1,5716
West Virginia,2005,Total Units,1,6140
West Virginia,2006,Total Units,1,5645
West Virginia,2007,Total Units,1,4795
West Virginia,2008,Total Units,1,3481
West Virginia,2009,Total Units,1,2235
West Virginia,2010,Total Units,1,2395
West Virginia,2011,Total Units,1,2220
West Virginia,2012,Total Units,1,2718
West Virginia,2013,Total Units,1,2624
West Virginia,2014,Total Units,1,2707
West Virginia,2015,Total Units,1,2795
West Virginia,2016,Total Units,1,2544
Wisconsin,1980,Total Units,1,18315
Wisconsin,1981,Total Units,1,14281
Wisconsin,1982,Total Units,1,12589
Wisconsin,1983,Total Units,1,17287
Wisconsin,1984,Total Units,1,18072
Wisconsin,1985,Total Units,1,20146
Wisconsin,1986,Total Units,1,21840
Wisconsin,1987,Total Units,1,24073
Wisconsin,1988,Total Units,1,24135
Wisconsin,1989,Total Units,1,26929
Wisconsin,1990,Total Units,1,27346
Wisconsin,1991,Total Units,1,26355
Wisconsin,1992,Total Units,1,32573
Wisconsin,1993,Total Units,1,33683
Wisconsin,1994,Total Units,1,34644
Wisconsin,1995,Total Units,1,32434
Wisconsin,1996,Total Units,1,33326
Wisconsin,1997,Total Units,1,31953
Wisconsin,1998,Total Units,1,35483
Wisconsin,1999,Total Units,1,356
